,file,blur,brightness,hash,similar_images
0,D:\My Documents\SkyDrive\images\20111001_205736_Android.jpg,46.344210574622615,149.9729764811198,2f07078b9b83075f,
1,D:\My Documents\SkyDrive\images\20111001_205744_Android.jpg,70.01279073033804,144.07733072916668,034303190101a7ff,
2,D:\My Documents\SkyDrive\images\20111002_215534_Android.jpg,38.378664081461544,124.61480102539062,fff3a3a1a10b0d0c,
3,D:\My Documents\SkyDrive\images\20111002_215542_Android.jpg,38.4919913243393,98.34350260416667,00030f1703970746,
4,D:\My Documents\SkyDrive\images\20111002_220026_Android.jpg,31.66991455026205,106.74222696940105,0f278783831f0f01,
5,D:\My Documents\SkyDrive\images\20111009_200722_Android 2.jpg,8.772390337844064,137.48384643554687,ff00000000000000,0.8125-D:\My Documents\SkyDrive\images\20130731_183112_Android.jpg
6,D:\My Documents\SkyDrive\images\20111009_200732_Android.jpg,232.90219095395776,121.07526204427083,fffffff600000000,"0.8125-D:\My Documents\SkyDrive\images\20111009_200736_Android.jpg,0.8125-D:\My Documents\SkyDrive\images\20111009_203502_Android.jpg,0.875-D:\My Documents\SkyDrive\images\20111009_204008_Android.jpg,0.9375-D:\My Documents\SkyDrive\images\20131209_113136_Android 3.jpg,0.875-D:\My Documents\SkyDrive\images\20131209_113136_Android.jpg"
7,D:\My Documents\SkyDrive\images\20111009_200736_Android.jpg,233.08379943839256,108.44776387532552,fffff7f080000000,"0.8125-D:\My Documents\SkyDrive\images\20111009_200732_Android.jpg,0.875-D:\My Documents\SkyDrive\images\20111009_203502_Android.jpg,0.8125-D:\My Documents\SkyDrive\images\20111009_204008_Android.jpg,0.875-D:\My Documents\SkyDrive\images\20130624_184347_Android.jpg,0.8125-D:\My Documents\SkyDrive\images\20130731_210944_Android.jpg,0.8125-D:\My Documents\SkyDrive\images\20131120_144247_Android 1.jpg,0.8125-D:\My Documents\SkyDrive\images\20131209_103226_Android.jpg,0.8125-D:\My Documents\SkyDrive\images\20131209_113136_Android 3.jpg,0.875-D:\My Documents\SkyDrive\images\20131209_113136_Android.jpg,0.8125-D:\My Documents\SkyDrive\images\20140214_180446_Android.jpg,0.875-D:\My Documents\SkyDrive\images\20140329_140858_Android.jpg"
8,D:\My Documents\SkyDrive\images\20111009_201548_Android.jpg,248.3237941071221,118.69565958658855,ffffcc48e0810203,
9,D:\My Documents\SkyDrive\images\20111009_203258_Android.jpg,481.2989247636395,110.83822713216146,003c3cf8e66e10f8,
10,D:\My Documents\SkyDrive\images\20111009_203306_Android.jpg,484.724313203648,124.93522298177083,ff0300f0f1c8b830,
11,D:\My Documents\SkyDrive\images\20111009_203406_Android.jpg,519.8111613662508,113.1859051513672,03e0f6d0707080f8,
12,D:\My Documents\SkyDrive\images\20111009_203502_Android.jpg,339.5483793100437,128.5548828125,ffffff0806000000,"0.8125-D:\My Documents\SkyDrive\images\20111009_200732_Android.jpg,0.875-D:\My Documents\SkyDrive\images\20111009_200736_Android.jpg,0.8125-D:\My Documents\SkyDrive\images\20130624_184347_Android.jpg,0.8125-D:\My Documents\SkyDrive\images\20131120_144247_Android 1.jpg,0.8125-D:\My Documents\SkyDrive\images\20131209_113136_Android 3.jpg,0.8125-D:\My Documents\SkyDrive\images\20131209_113136_Android.jpg,0.875-D:\My Documents\SkyDrive\images\20140214_180446_Android.jpg,0.8125-D:\My Documents\SkyDrive\images\20140329_140858_Android.jpg"
13,D:\My Documents\SkyDrive\images\20111009_203554_Android.jpg,245.13401476812206,115.97658955891927,3ffcfe3f3c340000,
14,D:\My Documents\SkyDrive\images\20111009_203604_Android.jpg,176.51719860737023,135.30830790201824,ffc0e0f0e0e04000,
15,D:\My Documents\SkyDrive\images\20111009_204008_Android.jpg,51.4485658768395,101.16725179036459,ffff7f7f00000000,"0.875-D:\My Documents\SkyDrive\images\20111009_200732_Android.jpg,0.8125-D:\My Documents\SkyDrive\images\20111009_200736_Android.jpg,0.8125-D:\My Documents\SkyDrive\images\20130624_184347_Android.jpg,0.8125-D:\My Documents\SkyDrive\images\20130731_210944_Android.jpg,0.8125-D:\My Documents\SkyDrive\images\20130806_194918_Android.jpg,0.875-D:\My Documents\SkyDrive\images\20131209_113136_Android 3.jpg,0.875-D:\My Documents\SkyDrive\images\20131209_113136_Android.jpg,0.8125-D:\My Documents\SkyDrive\images\20140329_140858_Android.jpg"
16,D:\My Documents\SkyDrive\images\20111009_204816_Android.jpg,179.34385089117563,76.72924377441406,6f72684c0fccc087,
17,D:\My Documents\SkyDrive\images\20111009_205040_Android.jpg,264.14306455391596,126.96110799153645,ffdfc0e040008080,
18,D:\My Documents\SkyDrive\images\20111009_205238_Android.jpg,536.0894947389603,112.81418253580729,e03b981f03010126,
19,D:\My Documents\SkyDrive\images\20111009_205336_Android.jpg,36.76702650993561,128.66214396158855,0f0f0fff200080a7,
20,D:\My Documents\SkyDrive\images\20111009_214016_Android.jpg,442.2523292092552,105.47650960286458,1f0f1f1f1f1f0f0f,
21,D:\My Documents\SkyDrive\images\20111009_214540_Android.jpg,206.4195506818049,29.138299357096354,00008080fffb6f6c,
22,D:\My Documents\SkyDrive\images\20111009_214554_Android.jpg,70.0541863969952,35.630755004882815,000000306fcedf3f,
23,D:\My Documents\SkyDrive\images\20111014_202136_Android.jpg,163.50438740632245,92.49826151529948,e3fd7d7c3e230000,
24,D:\My Documents\SkyDrive\images\20111014_202144_Android.jpg,68.85045467159121,123.57128072102864,ffffff0f03010000,"1.0-D:\My Documents\SkyDrive\images\20111014_202150_Android.jpg,0.8125-D:\My Documents\SkyDrive\images\20131120_144247_Android 1.jpg,0.8125-D:\My Documents\SkyDrive\images\20140214_180446_Android.jpg,0.8125-D:\My Documents\SkyDrive\images\20140407_063122_Android.jpg"
25,D:\My Documents\SkyDrive\images\20111014_202150_Android.jpg,141.98412837837787,117.37941101074219,ffffff0f03010000,"1.0-D:\My Documents\SkyDrive\images\20111014_202144_Android.jpg,0.8125-D:\My Documents\SkyDrive\images\20131120_144247_Android 1.jpg,0.8125-D:\My Documents\SkyDrive\images\20140214_180446_Android.jpg,0.8125-D:\My Documents\SkyDrive\images\20140407_063122_Android.jpg"
26,D:\My Documents\SkyDrive\images\20111014_203012_Android.jpg,41.3548679222262,44.39420328776042,c0f0f47727070000,
27,D:\My Documents\SkyDrive\images\20111202_153128_Android.jpg,32.05823319910301,81.36785217285156,000000013f7f7dfc,
28,D:\My Documents\SkyDrive\images\20111224_202008_Android.jpg,36.18783690329644,108.87226582845052,ffff741838310486,
29,D:\My Documents\SkyDrive\images\20111224_202026_Android.jpg,37.55197234024601,87.25141560872396,3f3f3f3808100000,
30,D:\My Documents\SkyDrive\images\20111229_164456_Android.jpg,395.2073647050136,136.44493225097656,3b1f0700c0070f1b,
31,D:\My Documents\SkyDrive\images\20111229_165626_Android.jpg,44.55982620443755,131.03980489095053,c383e3e3a0020201,
32,D:\My Documents\SkyDrive\images\20111229_165630_Android.jpg,32.5870252096454,125.07859883626303,81818963b7840703,
33,D:\My Documents\SkyDrive\images\20111229_165636_Android.jpg,35.1339072306007,128.75842529296875,ffff000180000100,"0.8125-D:\My Documents\SkyDrive\images\20130825_200940_Android.jpg,0.8125-D:\My Documents\SkyDrive\images\20140214_180446_Android.jpg"
34,D:\My Documents\SkyDrive\images\20111229_165904_Android.jpg,48.51712411596674,120.56324198404948,01197f393a1a0b1e,
35,D:\My Documents\SkyDrive\images\20111229_165908_Android.jpg,17.106929516432015,145.35590413411458,8101030303070f0f,
36,D:\My Documents\SkyDrive\images\20111229_165912_Android.jpg,37.11719249839385,118.24049845377604,03b3317d4b1b1103,
37,D:\My Documents\SkyDrive\images\20111229_165916_Android.jpg,25.6091813661257,92.30458760579427,830363000ede888f,
38,D:\My Documents\SkyDrive\images\20120205_120358_Android.jpg,19.60668863138209,136.0760439046224,030302e3c7dfff7e,
39,D:\My Documents\SkyDrive\images\20120206_120444_Android.jpg,9.875551542778783,124.83382751464843,ff7f2424ff9fbf3f,
40,D:\My Documents\SkyDrive\images\20120206_120456_Android.jpg,9.990021768677206,132.01681864420573,ffff10007f7c7f38,0.875-D:\My Documents\SkyDrive\images\20120206_120502_Android.jpg
41,D:\My Documents\SkyDrive\images\20120206_120502_Android.jpg,10.09660156046002,133.4449139404297,ffff10007f7c7eb8,0.875-D:\My Documents\SkyDrive\images\20120206_120456_Android.jpg
42,D:\My Documents\SkyDrive\images\20120206_120508_Android.jpg,10.314069611818194,125.2891914876302,ff3f10367fffbf3f,
43,D:\My Documents\SkyDrive\images\20120206_135516_Android.jpg,14.071607867062063,139.9406599934896,efe383c3cfe3f0f0,
44,D:\My Documents\SkyDrive\images\20120206_135528_Android.jpg,18.6960709631602,117.4488612874349,ffefbb1f07030180,
45,D:\My Documents\SkyDrive\images\20120206_155054_Android.jpg,22.633689144574575,149.91219258626302,fe7f61418385e7ff,
46,D:\My Documents\SkyDrive\images\20120206_155102_Android.jpg,24.59639994264442,143.67063171386718,f8fd8181838bffff,
47,D:\My Documents\SkyDrive\images\20120206_155556_Android.jpg,31.119143653784153,147.55529256184897,ff7f634101038f87,
48,D:\My Documents\SkyDrive\images\20120207_143410_Android.jpg,9.558508094722976,129.47475606282552,3f3b3cef0f3f7f00,
49,D:\My Documents\SkyDrive\images\20120207_143436_Android.jpg,19.604546302751558,115.12036437988282,07fffbfb00081a54,
50,D:\My Documents\SkyDrive\images\20120207_143814_Android.jpg,19.916801740108422,119.70281677246093,ffff3f1304060f0f,
51,D:\My Documents\SkyDrive\images\20120207_144356_Android.jpg,10.987093281248166,126.53146667480469,fcffffefc3c3cfcf,
52,D:\My Documents\SkyDrive\images\20120207_144402_Android.jpg,12.245463629835795,125.40336853027344,f8ffffffe3e1c146,
53,D:\My Documents\SkyDrive\images\20120207_152526_Android.jpg,8.132066038828704,127.86081339518229,ffffff86849c9c18,
54,D:\My Documents\SkyDrive\images\20120207_152542_Android.jpg,7.780779417171696,119.78910685221354,ffff7f5f1f3f1f1e,
55,D:\My Documents\SkyDrive\images\20120212_123734_Android.jpg,32.44733867725965,139.0464824120603,fdfdf79393110183,
56,D:\My Documents\SkyDrive\images\20120212_123738_Android.jpg,227.9503089791328,118.61659338358459,0000fff491f7ffff,1.0-D:\My Documents\SkyDrive\images\20120212_123808_Android.jpg
57,D:\My Documents\SkyDrive\images\20120212_123740_Android.jpg,266.03631264149817,130.82446189279733,20779e8c978f8e9c,
58,D:\My Documents\SkyDrive\images\20120212_123744_Android.jpg,149.70613490356232,139.63264656616414,e0feefc70383a6fc,
59,D:\My Documents\SkyDrive\images\20120212_123746_Android.jpg,227.22890086864737,141.59345896147403,ffffc70007830307,
60,D:\My Documents\SkyDrive\images\20120212_123750_Android.jpg,286.680772041737,174.5870728643216,07ffe3e3e0e0f9ee,
61,D:\My Documents\SkyDrive\images\20120212_123754_Android.jpg,49.67000227793068,151.38462939698493,fffbf9c1f9c10160,
62,D:\My Documents\SkyDrive\images\20120212_123756_Android.jpg,94.44278056907584,136.98116415410385,f17f272763c7cfff,
63,D:\My Documents\SkyDrive\images\20120212_123808_Android.jpg,1161.173521751761,120.98259422110553,0000fff491f7ffff,1.0-D:\My Documents\SkyDrive\images\20120212_123738_Android.jpg
64,D:\My Documents\SkyDrive\images\20120212_123812_Android.jpg,1049.4025622468569,101.36387180144389,ffe7e78100008080,
65,D:\My Documents\SkyDrive\images\20120212_123816_Android.jpg,162.67663906477097,196.88547319933,ffdfc7c3e3e3e3eb,
66,D:\My Documents\SkyDrive\images\20120212_123822_Android.jpg,724.9545749218203,156.49418969849245,007f0600c0efffff,
67,D:\My Documents\SkyDrive\images\20120212_123830_Android.jpg,309.4929561485146,150.9927135678392,ff3f0f03038f01b8,
68,D:\My Documents\SkyDrive\images\20120212_123838_Android.jpg,203.88857250378075,149.5533040201005,ff9fcf23038d8301,
69,D:\My Documents\SkyDrive\images\20120212_123844_Android.jpg,1067.221715381486,134.5847445561139,00f09f9999fbffff,0.9375-D:\My Documents\SkyDrive\images\20120212_123908_Android.jpg
70,D:\My Documents\SkyDrive\images\20120212_123850_Android.jpg,73.14823492957899,108.82051458333333,83efcfc783020202,
71,D:\My Documents\SkyDrive\images\20120212_123856_Android.jpg,50.93874376730367,103.35804229480738,ffffa183839391f1,
72,D:\My Documents\SkyDrive\images\20120212_123858_Android.jpg,82.98235305489972,145.735121440536,00000007ffffffff,"1.0-D:\My Documents\SkyDrive\images\20120212_123912_Android.jpg,0.8125-D:\My Documents\SkyDrive\images\20120316_200348_Android.jpg"
73,D:\My Documents\SkyDrive\images\20120212_123904_Android.jpg,121.57242451367321,142.85720477386934,3f38f0f0e0e0f0e3,
74,D:\My Documents\SkyDrive\images\20120212_123908_Android.jpg,142.86202139087393,132.23334170854272,00f09f9999f9ffff,0.9375-D:\My Documents\SkyDrive\images\20120212_123844_Android.jpg
75,D:\My Documents\SkyDrive\images\20120212_123912_Android.jpg,687.8628008338736,147.38336683417086,00000007ffffffff,"1.0-D:\My Documents\SkyDrive\images\20120212_123858_Android.jpg,0.8125-D:\My Documents\SkyDrive\images\20120316_200348_Android.jpg"
76,D:\My Documents\SkyDrive\images\20120212_123914_Android.jpg,97.21639237844985,145.93478015075377,ffefe7e3e38180e0,
77,D:\My Documents\SkyDrive\images\20120214_140328_Android.jpg,11.712692225326022,136.85790344238282,19fdffefc3c7ff7f,
78,D:\My Documents\SkyDrive\images\20120214_140346_Android.jpg,13.944431741178002,135.95643025716146,ffefef830101010f,
79,D:\My Documents\SkyDrive\images\20120214_153056_Android.jpg,34.22115172788395,122.23161499023438,030000f0fcfeffff,
80,D:\My Documents\SkyDrive\images\20120214_153102_Android.jpg,33.9512911823756,94.8941933186849,010101031f3f1f01,
81,D:\My Documents\SkyDrive\images\20120316_200348_Android.jpg,24.405690707928557,104.07417154947916,0000001038ffffff,"0.8125-D:\My Documents\SkyDrive\images\20120212_123858_Android.jpg,0.8125-D:\My Documents\SkyDrive\images\20120212_123912_Android.jpg,0.8125-D:\My Documents\SkyDrive\images\20120409_170056_Android.jpg,0.875-D:\My Documents\SkyDrive\images\20120409_170104_Android.jpg"
82,D:\My Documents\SkyDrive\images\20120316_200400_Android.jpg,29.74288085678805,93.65086812337239,00000000f7f7ffff,
83,D:\My Documents\SkyDrive\images\20120316_202714_Android.jpg,29.40956977264236,96.9651607721109,000000e0fcff7f7f,
84,D:\My Documents\SkyDrive\images\20120316_202738_Android.jpg,18.41086914465515,115.67703609624823,000000eefeffffff,"0.8125-D:\My Documents\SkyDrive\images\20120409_170056_Android.jpg,0.8125-D:\My Documents\SkyDrive\images\20120409_170104_Android.jpg,0.8125-D:\My Documents\SkyDrive\images\20130907_131530_Android.jpg"
85,D:\My Documents\SkyDrive\images\20120316_203954_Android.jpg,50.17741003112724,129.61015869140624,6000048ccdff7fff,
86,D:\My Documents\SkyDrive\images\20120405_162354_Android.jpg,87.78553605405486,134.2537068684896,ffff1f0000030787,
87,D:\My Documents\SkyDrive\images\20120409_170056_Android.jpg,30.878902749533992,126.37325663248699,000002e0f3ffffff,"0.8125-D:\My Documents\SkyDrive\images\20120316_200348_Android.jpg,0.8125-D:\My Documents\SkyDrive\images\20120316_202738_Android.jpg,0.8125-D:\My Documents\SkyDrive\images\20120409_170104_Android.jpg,0.8125-D:\My Documents\SkyDrive\images\20130517_203300_Android.jpg,0.8125-D:\My Documents\SkyDrive\images\20130517_203302_Android.jpg,0.8125-D:\My Documents\SkyDrive\images\20130907_131530_Android.jpg,0.8125-D:\My Documents\SkyDrive\images\20131213_145448_Android.jpg"
88,D:\My Documents\SkyDrive\images\20120409_170104_Android.jpg,30.39363375795846,112.00709289550781,000000c1e3ffffff,"0.875-D:\My Documents\SkyDrive\images\20120316_200348_Android.jpg,0.8125-D:\My Documents\SkyDrive\images\20120316_202738_Android.jpg,0.8125-D:\My Documents\SkyDrive\images\20120409_170056_Android.jpg,0.8125-D:\My Documents\SkyDrive\images\20130517_203114_Android.jpg,0.8125-D:\My Documents\SkyDrive\images\20130517_203300_Android.jpg,0.8125-D:\My Documents\SkyDrive\images\20130517_203302_Android.jpg,0.8125-D:\My Documents\SkyDrive\images\20130907_131530_Android.jpg"
89,D:\My Documents\SkyDrive\images\20120410_132522_Android.jpg,57.0179150390583,132.65673645019533,dfd90884c760e0f8,
90,D:\My Documents\SkyDrive\images\20120410_163718_Android.jpg,34.59517695168636,164.1258575439453,fffffff7e1c00070,0.8125-D:\My Documents\SkyDrive\images\20140217_060104_Android.jpg
91,D:\My Documents\SkyDrive\images\20120413_193004_Android.jpg,13.622869462664747,124.11738830566406,fcfffb1a18180000,
92,D:\My Documents\SkyDrive\images\20120413_193118_Android.jpg,17.55185966066083,123.79352376302083,ff3b3b390c0c1c0c,
93,D:\My Documents\SkyDrive\images\20120413_213652_Android.jpg,10.482775878895662,133.00427266438803,ffff9a981808040e,
94,D:\My Documents\SkyDrive\images\20121109_151213_Android 3.jpg,75.6752588818846,74.48726372682225,0803383c3e3f3f07,
95,D:\My Documents\SkyDrive\images\20121109_192216_Android 3-nir-pc.jpg,75.12688372331495,95.28570422394502,fcf8f0f0f0f0f8fc,1.0-D:\My Documents\SkyDrive\images\20121109_192216_Android 3.jpg
96,D:\My Documents\SkyDrive\images\20121109_192216_Android 3.jpg,75.12688372331495,95.28570422394502,fcf8f0f0f0f0f8fc,1.0-D:\My Documents\SkyDrive\images\20121109_192216_Android 3-nir-pc.jpg
97,D:\My Documents\SkyDrive\images\20121110_193254_Android.jpg,16.969535564644804,81.30215060208866,404444ecee6e2e0e,
98,D:\My Documents\SkyDrive\images\20121110_213310_Android-nir-pc.jpg,62.958257278781076,138.72934149882778,1f05050c4cbcff6f,1.0-D:\My Documents\SkyDrive\images\20121110_213310_Android.jpg
99,D:\My Documents\SkyDrive\images\20121110_213310_Android.jpg,62.958257278781076,138.72934149882778,1f05050c4cbcff6f,1.0-D:\My Documents\SkyDrive\images\20121110_213310_Android-nir-pc.jpg
100,D:\My Documents\SkyDrive\images\20121227_183342_Android.jpg,260.9650855146976,127.40932404891305,000083c1ffffffff,
101,D:\My Documents\SkyDrive\images\20130104_114705_Android 2.jpg,548.0165351699371,95.0625141530797,c0d878d040008ece,
102,D:\My Documents\SkyDrive\images\20130114_193437_Android.jpg,79.66075897924419,106.00285409340367,eeffffe200000604,
103,D:\My Documents\SkyDrive\images\20130114_193442_Android 1.jpg,13.387666839805394,94.23618426310742,fff6f3e320000001,
104,D:\My Documents\SkyDrive\images\20130130_152442_Android.jpg,37.573078670161095,72.93324758232097,ffeff1f1c1000000,
105,D:\My Documents\SkyDrive\images\20130213_191925_Android.jpg,54.73371678924197,100.8416363624254,f9fc60400040f3ff,
106,D:\My Documents\SkyDrive\images\20130503_133241_Android.jpg,296.9411256757771,108.42736392453223,03cff9f1848c5808,
107,D:\My Documents\SkyDrive\images\20130511_192836_Android.jpg,113.5171773738637,61.018022665561325,00091c3c3c7c3c10,
108,D:\My Documents\SkyDrive\images\20130517_192032_Android.jpg,118.33876009110679,114.41780179698513,67e7fbb322300440,
109,D:\My Documents\SkyDrive\images\20130517_192046_Android.jpg,168.28195335205123,114.4943173398853,ffff878f03020000,
110,D:\My Documents\SkyDrive\images\20130517_192326_Android.jpg,81.66811010560836,102.80885394139273,92ab2d2c342c3c3e,
111,D:\My Documents\SkyDrive\images\20130517_192330_Android.jpg,113.39354884558395,84.39106490993048,918099203c3c3c3f,
112,D:\My Documents\SkyDrive\images\20130517_192606_Android.jpg,547.152951384589,95.33788173919486,bbbd3c301c1e36d7,
113,D:\My Documents\SkyDrive\images\20130517_192610_Android.jpg,385.1095991620568,93.29866630322472,82be3c283c1c3e3e,
114,D:\My Documents\SkyDrive\images\20130517_203054_Android.jpg,156.0785580237432,125.09686578879918,f0fde643071f1f0f,
115,D:\My Documents\SkyDrive\images\20130517_203114_Android.jpg,47.57328160222806,110.83037410991766,0000b0c3fffffffc,"0.8125-D:\My Documents\SkyDrive\images\20120409_170104_Android.jpg,0.8125-D:\My Documents\SkyDrive\images\20130517_203302_Android.jpg"
116,D:\My Documents\SkyDrive\images\20130517_203134_Android.jpg,173.43511215254182,110.09814897415256,0060f0f0dfffff00,
117,D:\My Documents\SkyDrive\images\20130517_203138_Android.jpg,180.39830844068157,107.42824136650167,00e4f2f1efffff00,
118,D:\My Documents\SkyDrive\images\20130517_203146_Android.jpg,34.56461490811814,109.31986132637287,0090d0c3d7f1c0e3,
119,D:\My Documents\SkyDrive\images\20130517_203300_Android.jpg,121.55112951181738,123.42008119373158,0000a0e3fffffef8,"0.8125-D:\My Documents\SkyDrive\images\20120409_170056_Android.jpg,0.8125-D:\My Documents\SkyDrive\images\20120409_170104_Android.jpg,0.875-D:\My Documents\SkyDrive\images\20130517_203302_Android.jpg"
120,D:\My Documents\SkyDrive\images\20130517_203302_Android.jpg,110.6678273600089,110.85573131928425,000030e3fffffefc,"0.8125-D:\My Documents\SkyDrive\images\20120409_170056_Android.jpg,0.8125-D:\My Documents\SkyDrive\images\20120409_170104_Android.jpg,0.8125-D:\My Documents\SkyDrive\images\20130517_203114_Android.jpg,0.875-D:\My Documents\SkyDrive\images\20130517_203300_Android.jpg"
121,D:\My Documents\SkyDrive\images\20130517_203308_Android.jpg,146.23832228061832,115.84371796104062,6e000069f7f3d3df,
122,D:\My Documents\SkyDrive\images\20130517_203314_Android.jpg,30.830377432794112,95.1812008402217,000c1cf9fbf0f0b8,
123,D:\My Documents\SkyDrive\images\20130517_203318_Android.jpg,42.984156933239085,93.23947895641099,001818fbebf9e0b8,
124,D:\My Documents\SkyDrive\images\20130518_124026_Android.jpg,142.8936383610521,110.24147250556678,3fb7878303030700,
125,D:\My Documents\SkyDrive\images\20130518_191558_Android.jpg,138.5019742048099,107.22998240860886,f8f03cfef1c00000,0.875-D:\My Documents\SkyDrive\images\20130518_191600_Android.jpg
126,D:\My Documents\SkyDrive\images\20130518_191600_Android.jpg,98.15366455960765,104.02168737184417,f8f83cfef0c00000,0.875-D:\My Documents\SkyDrive\images\20130518_191558_Android.jpg
127,D:\My Documents\SkyDrive\images\20130518_201610_Android.jpg,313.48093412873754,92.96020723700019,0082d7fef8f0f0e0,
128,D:\My Documents\SkyDrive\images\20130520_194454_Android.jpg,116.23929594055556,115.39596411736672,f3c3c118d8dcfcfc,
129,D:\My Documents\SkyDrive\images\20130520_194502_Android.jpg,162.96250829413273,132.81786552447775,f3e10100f8f8feff,
130,D:\My Documents\SkyDrive\images\20130520_194510_Android.jpg,150.30853091226592,161.0325868756408,e3210040f8f8ffff,
131,D:\My Documents\SkyDrive\images\20130520_195102_Android.jpg,136.3822688049711,95.54583673747277,a6221b39380f0b00,
132,D:\My Documents\SkyDrive\images\20130520_195106_Android.jpg,93.48647853685004,87.73386588091118,e6861b391c1d0b00,
133,D:\My Documents\SkyDrive\images\20130523_083346_Android.jpg,122.42444629350373,119.16961312455946,b7b7b3a030343c7e,
134,D:\My Documents\SkyDrive\images\20130523_223112_Android.jpg,131.02306263641023,124.29940745446463,3f1f0b0b0f8782c4,
135,D:\My Documents\SkyDrive\images\20130523_223120_Android.jpg,151.0140170362879,132.7832962382257,3f1f0f038783c2ec,
136,D:\My Documents\SkyDrive\images\20130523_223126_Android.jpg,148.17058047304843,127.24308058599257,cfc7c70707071f0f,
137,D:\My Documents\SkyDrive\images\20130524_210110_Android.jpg,129.89231465056776,85.62184316128412,fefc3c1317130303,
138,D:\My Documents\SkyDrive\images\20130524_210206_Android.jpg,114.48620985440627,95.5248956481081,e6bc406cfcf8f062,
139,D:\My Documents\SkyDrive\images\20130525_120444_Android.jpg,158.7701005243293,130.8350420361159,c9d9836343878e3e,
140,D:\My Documents\SkyDrive\images\20130525_120446_Android.jpg,136.6218193783608,126.32067356405389,41494323266e7efc,
141,D:\My Documents\SkyDrive\images\20130525_120646_Android.jpg,667.4099707744617,103.06271476114956,04c889febc9818fc,
142,D:\My Documents\SkyDrive\images\20130525_120650_Android.jpg,95.21692533759516,124.58027248634339,fbbae0ecc0c0f840,
143,D:\My Documents\SkyDrive\images\20130525_120656_Android-nir-pc.jpg,210.42465200366078,123.27285992266596,fffbe1e0d0f0d210,1.0-D:\My Documents\SkyDrive\images\20130525_120656_Android.jpg
144,D:\My Documents\SkyDrive\images\20130525_120656_Android.jpg,210.42465200366078,123.27285992266596,fffbe1e0d0f0d210,1.0-D:\My Documents\SkyDrive\images\20130525_120656_Android-nir-pc.jpg
145,D:\My Documents\SkyDrive\images\20130531_145836_Android.jpg,104.66345763478004,116.4353844274638,87c38f8f8c22031f,
146,D:\My Documents\SkyDrive\images\20130531_145840_Android.jpg,178.8110094346068,128.7839519105232,c9c1c3c7b412137f,
147,D:\My Documents\SkyDrive\images\20130531_145846_Android.jpg,129.3642529074812,119.70133569921023,cfc3c7af9c200227,
148,D:\My Documents\SkyDrive\images\20130601_113546_Android.jpg,31.318522144415464,121.80109738441945,fff4e000e5030301,
149,D:\My Documents\SkyDrive\images\20130601_113558_Android.jpg,42.22927592423022,117.41384736339388,ffe0000103030301,
150,D:\My Documents\SkyDrive\images\20130614_145731_Android 3.jpg,175.59511824499933,130.04542285919678,3e3e2011a1b9dbf9,
151,D:\My Documents\SkyDrive\images\20130614_145731_Android 4.jpg,199.6081326096434,126.83044794970684,7d1d898383d1d8f0,
152,D:\My Documents\SkyDrive\images\20130614_145731_Android 5.jpg,168.2804158738571,130.66762458149108,7c5d690103a19bfb,
153,D:\My Documents\SkyDrive\images\20130615_095940_Android.jpg,448.7986445937947,70.49914696270665,07172fe7ace083c1,
154,D:\My Documents\SkyDrive\images\20130615_095942_Android.jpg,533.1208548289337,67.21015417247372,03137fa6ad8383e0,
155,D:\My Documents\SkyDrive\images\20130619_183351_Android 2.jpg,263.2614605930106,107.56552505346501,c0e0e6773d7f1d84,
156,D:\My Documents\SkyDrive\images\20130619_183351_Android 3.jpg,227.44340537205434,104.2348540825644,f0f0f1e43e1980cc,
157,D:\My Documents\SkyDrive\images\20130622_174425_Android 4.jpg,136.316757759336,92.78293392264995,7ffc7f1e3e000001,
158,D:\My Documents\SkyDrive\images\20130622_174425_Android 5.jpg,118.88286389029003,91.24275393878956,7fff6e1f3c2f0000,
159,D:\My Documents\SkyDrive\images\20130624_184347_Android.jpg,28.726133098854767,120.97939406818692,fffff7f781000000,"0.875-D:\My Documents\SkyDrive\images\20111009_200736_Android.jpg,0.8125-D:\My Documents\SkyDrive\images\20111009_203502_Android.jpg,0.8125-D:\My Documents\SkyDrive\images\20111009_204008_Android.jpg,0.8125-D:\My Documents\SkyDrive\images\20131209_113136_Android.jpg,0.875-D:\My Documents\SkyDrive\images\20140329_140858_Android.jpg"
160,D:\My Documents\SkyDrive\images\20130712_150608_Android.jpg,141.89402636113763,87.86009180345118,00001c3e3e177f7f,
161,D:\My Documents\SkyDrive\images\20130712_182740_Android.jpg,957.2215843994899,71.55285274621212,0b01000c3e373f7f,
162,D:\My Documents\SkyDrive\images\20130712_182816_Android.jpg,213.79458308064468,88.21849970666258,ffff0c8cc4020303,
163,D:\My Documents\SkyDrive\images\20130712_182836_Android.jpg,371.15684350665646,105.28509885789715,ffff0c0c0c020206,
164,D:\My Documents\SkyDrive\images\20130712_182858_Android.jpg,446.5132058667124,67.6293062012167,f700081c0e2626c7,
165,D:\My Documents\SkyDrive\images\20130719_144744_Android.jpg,31.099065482123468,114.2838589493419,3f03870f8cc1c00c,
166,D:\My Documents\SkyDrive\images\20130719_144748_Android.jpg,31.903099402996354,120.38250023116264,8a3c683470777ffe,
167,D:\My Documents\SkyDrive\images\20130720_124422_Android.jpg,32.084475387060024,101.75973912100807,7f6707dfd7060000,
168,D:\My Documents\SkyDrive\images\20130724_203650_Android.jpg,1127.846706088086,86.0928667993062,7838b0b0fe00f8ff,0.8125-D:\My Documents\SkyDrive\images\20130724_203652_Android.jpg
169,D:\My Documents\SkyDrive\images\20130724_203652_Android.jpg,1170.5191386632273,86.79450458658555,7c38b0b0fe00f07f,0.8125-D:\My Documents\SkyDrive\images\20130724_203650_Android.jpg
170,D:\My Documents\SkyDrive\images\20130724_203702_Android.jpg,109.86874898534217,83.83974391165442,d8f07033ffff0000,
171,D:\My Documents\SkyDrive\images\20130724_203712_Android.jpg,111.4723875839954,90.43235424000102,f0f0f0e6feff0000,
172,D:\My Documents\SkyDrive\images\20130726_143232_Android.jpg,44.77992679312707,131.33344931320784,ffefaf10040380c0,
173,D:\My Documents\SkyDrive\images\20130726_143252_Android.jpg,41.36557793049974,83.2844119461662,ffff3f0c04080000,"0.8125-D:\My Documents\SkyDrive\images\20140214_180202_Android.jpg,0.8125-D:\My Documents\SkyDrive\images\20140214_180214_Android.jpg,0.8125-D:\My Documents\SkyDrive\images\20140301_152512_Android.jpg"
174,D:\My Documents\SkyDrive\images\20130726_144628_Android.jpg,896.9477952122236,100.13646008698092,0003b7f7e3c7cfff,
175,D:\My Documents\SkyDrive\images\20130726_144636_Android.jpg,1317.0374671293991,102.48472333817978,800080d7f3e3c7df,
176,D:\My Documents\SkyDrive\images\20130726_214036_Android.jpg,164.08973534193828,122.21382085533364,feb2323701838317,0.9375-D:\My Documents\SkyDrive\images\20130726_214040_Android.jpg
177,D:\My Documents\SkyDrive\images\20130726_214040_Android.jpg,138.1463041828618,124.4206536243113,fef2323701838317,0.9375-D:\My Documents\SkyDrive\images\20130726_214036_Android.jpg
178,D:\My Documents\SkyDrive\images\20130727_201918_Android.jpg,1111.5968682939254,60.9647277701255,1f0f193b3f070703,
179,D:\My Documents\SkyDrive\images\20130727_201920_Android.jpg,1576.3724688934717,75.93367385981023,0f07071a1e4f0f07,0.9375-D:\My Documents\SkyDrive\images\20130727_211922_Android.jpg
180,D:\My Documents\SkyDrive\images\20130727_211922_Android.jpg,1504.0195234785695,74.33356648875115,0f07071a1e4f0707,0.9375-D:\My Documents\SkyDrive\images\20130727_201920_Android.jpg
181,D:\My Documents\SkyDrive\images\20130730_104846_Android.jpg,570.8944051067624,129.62287350302265,7efaf0706303060c,
182,D:\My Documents\SkyDrive\images\20130730_114100_Android.jpg,148.78262942015346,123.17448076089174,bb01030381e30b0f,
183,D:\My Documents\SkyDrive\images\20130731_182254_Android.jpg,242.50521409926955,126.12856428872054,ffff38000d1f0202,
184,D:\My Documents\SkyDrive\images\20130731_183112_Android.jpg,161.44312530783765,114.16891173413427,fffee00000000000,"0.8125-D:\My Documents\SkyDrive\images\20111009_200722_Android 2.jpg,0.8125-D:\My Documents\SkyDrive\images\20140306_071924_Android.jpg"
185,D:\My Documents\SkyDrive\images\20130731_210944_Android.jpg,151.54998097465725,119.9251082877385,ffff9f0080004000,"0.8125-D:\My Documents\SkyDrive\images\20111009_200736_Android.jpg,0.8125-D:\My Documents\SkyDrive\images\20111009_204008_Android.jpg,0.8125-D:\My Documents\SkyDrive\images\20131120_144247_Android 1.jpg,0.8125-D:\My Documents\SkyDrive\images\20131209_113136_Android 3.jpg,0.8125-D:\My Documents\SkyDrive\images\20140214_180446_Android.jpg"
186,D:\My Documents\SkyDrive\images\20130731_210952_Android.jpg,146.7368383687119,107.99323510515508,ffffde9080c08080,
187,D:\My Documents\SkyDrive\images\20130731_211010_Android.jpg,213.3990759525014,112.36058362188807,f9ffcdec08080000,
188,D:\My Documents\SkyDrive\images\20130801_091106_Android.jpg,80.09649384254551,103.36657990096674,80c0fcffff3f0000,
189,D:\My Documents\SkyDrive\images\20130802_161902_Android.jpg,98.1556983029613,113.16210319737782,3f3727a7a7860400,
190,D:\My Documents\SkyDrive\images\20130802_161908_Android.jpg,98.48549061325295,104.67248259903326,beb6a6c6e4e4c000,
191,D:\My Documents\SkyDrive\images\20130802_161948_Android.jpg,75.88472393275222,99.70922908854963,032f26271f1367ff,
192,D:\My Documents\SkyDrive\images\20130802_161954_Android.jpg,98.95927198429148,107.17980886038414,000f0f130301ffff,
193,D:\My Documents\SkyDrive\images\20130802_162026_Android.jpg,119.2400144613801,151.04200085609887,a08088ffff63273f,
194,D:\My Documents\SkyDrive\images\20130802_162028_Android.jpg,12.768972054966925,69.63505378118305,000098ffffff7326,
195,D:\My Documents\SkyDrive\images\20130803_211850_Android.jpg,111.95252017773086,107.12548803215233,202020e2fffefefc,
196,D:\My Documents\SkyDrive\images\20130803_211852_Android.jpg,90.77225654757653,109.41140074195235,40606060ffffffff,0.9375-D:\My Documents\SkyDrive\images\20130803_211858_Android.jpg
197,D:\My Documents\SkyDrive\images\20130803_211858_Android.jpg,96.09771655443728,115.07427713849353,40606070ffffffff,0.9375-D:\My Documents\SkyDrive\images\20130803_211852_Android.jpg
198,D:\My Documents\SkyDrive\images\20130803_211914_Android.jpg,93.35786232232525,114.83604630586164,c040405ffffefefc,
199,D:\My Documents\SkyDrive\images\20130806_194850_Android.jpg,155.9353135811887,92.56695645693041,7cf2febe38000000,
200,D:\My Documents\SkyDrive\images\20130806_194918_Android.jpg,154.22244182544014,99.96331488814917,f9ff7f3c00000000,0.8125-D:\My Documents\SkyDrive\images\20111009_204008_Android.jpg
201,D:\My Documents\SkyDrive\images\20130810_184928_Android.jpg,118.81200532078773,91.21455399959189,0fffff0701010101,
202,D:\My Documents\SkyDrive\images\20130810_185018_Android.jpg,168.1549776360629,90.64612507652281,03df7f1f03010001,
203,D:\My Documents\SkyDrive\images\20130810_185134_Android.jpg,250.90719454602922,70.44059957210999,a4fdfffff1800000,0.8125-D:\My Documents\SkyDrive\images\20131209_113136_Android.jpg
204,D:\My Documents\SkyDrive\images\20130810_185138_Android.jpg,170.26779359859918,77.07407367551781,00fdc3fff7000000,
205,D:\My Documents\SkyDrive\images\20130811_191416_Android.jpg,34.344404410047254,119.00676848185134,00001878fffde1f7,
206,D:\My Documents\SkyDrive\images\20130811_191420_Android.jpg,9.519737497921158,88.29859576669473,e0c024b87d7d77c7,
207,D:\My Documents\SkyDrive\images\20130811_202842_Android.jpg,70.91570114696151,113.64365044064381,00103223b79ba7e7,
208,D:\My Documents\SkyDrive\images\20130811_202850_Android.jpg,55.652579021080946,102.18205990619579,e0000077e7ff7fff,
209,D:\My Documents\SkyDrive\images\20130811_202858_Android.jpg,111.82682898267127,159.8117116556984,e1e1c1e1c1c3ffff,
210,D:\My Documents\SkyDrive\images\20130816_200652_Android.jpg,660.3151633830093,94.8094546315427,00007c4f7c1effff,
211,D:\My Documents\SkyDrive\images\20130816_200656_Android.jpg,815.313372938647,102.01087620204571,8800c85ffcfedeff,
212,D:\My Documents\SkyDrive\images\20130821_205934_Android.jpg,62.76055684016917,118.57360497334456,ff0338082400c3ff,
213,D:\My Documents\SkyDrive\images\20130821_205944_Android.jpg,44.47151537863667,130.7057321558387,c398340014007fff,
214,D:\My Documents\SkyDrive\images\20130821_215956_Android.jpg,71.18293689962276,106.6858501763213,01c9c1313f3e3f3f,
215,D:\My Documents\SkyDrive\images\20130821_220002_Android.jpg,22.853551082259372,64.23303425670849,81253c3c2c2e3e3e,
216,D:\My Documents\SkyDrive\images\20130821_220728_Android.jpg,33.462393949678926,85.15410995210948,211c1c3c7e7e1206,
217,D:\My Documents\SkyDrive\images\20130821_231750_Android.jpg,103.3267491784952,115.78917688564943,ffeaef9f1b18383c,
218,D:\My Documents\SkyDrive\images\20130825_195216_Android.jpg,110.67950224099093,108.05749074552341,ffff13183c3c5802,
219,D:\My Documents\SkyDrive\images\20130825_195224_Android.jpg,75.41863113706903,107.28746030379553,ffff685c0c0c0000,
220,D:\My Documents\SkyDrive\images\20130825_200934_Android.jpg,212.83849003355488,108.77509310274462,ffe3e1e058828008,
221,D:\My Documents\SkyDrive\images\20130825_200940_Android.jpg,251.91682708544522,104.85111272924956,ffffb0b0b0800000,0.8125-D:\My Documents\SkyDrive\images\20111229_165636_Android.jpg
222,D:\My Documents\SkyDrive\images\20130830_192358_Android.jpg,162.27490757440714,101.17942380434609,fffefe2200005c0f,
223,D:\My Documents\SkyDrive\images\20130830_192428_Android.jpg,170.18320654354955,118.73201725798572,fffff7908c840303,
224,D:\My Documents\SkyDrive\images\20130830_192508_Android.jpg,183.44689538954177,155.6076262485182,ffdf8f002000c0f8,
225,D:\My Documents\SkyDrive\images\20130907_131448_Android.jpg,40.790936553662334,115.26107947263873,000038f07233333f,
226,D:\My Documents\SkyDrive\images\20130907_131456_Android.jpg,16.016085553218197,120.74968536740677,3e1e062666c2e4f0,
227,D:\My Documents\SkyDrive\images\20130907_131500_Android.jpg,49.256201374663014,110.45758592448418,dc1e1e066662e2e0,
228,D:\My Documents\SkyDrive\images\20130907_131530_Android.jpg,61.16823099840279,122.87845194756824,000020e0e4ffffff,"0.8125-D:\My Documents\SkyDrive\images\20120316_202738_Android.jpg,0.8125-D:\My Documents\SkyDrive\images\20120409_170056_Android.jpg"
229,D:\My Documents\SkyDrive\images\20130907_131602_Android.jpg,278.4002960348992,148.51126599007753,b701010113f363cf,
230,D:\My Documents\SkyDrive\images\20130907_142940_Android.jpg,33.14023896644261,124.5291466192863,006062e0f1f1ffff,
231,D:\My Documents\SkyDrive\images\20130907_143012_Android.jpg,44.75346215332247,118.96712966948526,b02000f2f0f0f8ff,
232,D:\My Documents\SkyDrive\images\20130907_143022_Android.jpg,30.4953193486862,103.04107919472503,f080c0e6e1f3f1ff,
233,D:\My Documents\SkyDrive\images\20131101_123810_Android.jpg,809.5951995013444,101.528310175173,000000079fdefffb,
234,D:\My Documents\SkyDrive\images\20131102_092436_Android.jpg,2384.6743333895984,109.41394285451109,3d3e3e0e26ce7fff,
235,D:\My Documents\SkyDrive\images\20131102_092650_Android.jpg,751.1943618652659,78.76265576440952,000000f8e8eee1f0,
236,D:\My Documents\SkyDrive\images\20131102_092654_Android.jpg,604.8205424093619,77.81834172854191,000010f0e0cfe1f0,
237,D:\My Documents\SkyDrive\images\20131102_102309_Android.jpg,338.96260472026853,102.87349942530116,3ca8f9f1e0e00c87,
238,D:\My Documents\SkyDrive\images\20131116_134656_Android 4.jpg,961.893883079844,117.62948958433455,0d0416131f3f3f3f,
239,D:\My Documents\SkyDrive\images\20131120_144227_Android 3.jpg,62.999241882752564,120.95590650731289,ffffff6381808080,
240,D:\My Documents\SkyDrive\images\20131120_144227_Android.jpg,85.47254197896075,117.23536570469692,ffffff03c0c0c001,
241,D:\My Documents\SkyDrive\images\20131120_144247_Android 1.jpg,75.46462772837654,118.4030431004101,ffffffcf00800000,"0.8125-D:\My Documents\SkyDrive\images\20111009_200736_Android.jpg,0.8125-D:\My Documents\SkyDrive\images\20111009_203502_Android.jpg,0.8125-D:\My Documents\SkyDrive\images\20111014_202144_Android.jpg,0.8125-D:\My Documents\SkyDrive\images\20111014_202150_Android.jpg,0.8125-D:\My Documents\SkyDrive\images\20130731_210944_Android.jpg,0.8125-D:\My Documents\SkyDrive\images\20131120_144247_Android 4.jpg,0.8125-D:\My Documents\SkyDrive\images\20140214_180446_Android.jpg"
242,D:\My Documents\SkyDrive\images\20131120_144247_Android 4.jpg,65.47114478605843,117.56035113698258,fffffff700808000,"0.8125-D:\My Documents\SkyDrive\images\20131120_144247_Android 1.jpg,0.8125-D:\My Documents\SkyDrive\images\20140217_060104_Android.jpg"
243,D:\My Documents\SkyDrive\images\20131120_144327_Android 1.jpg,94.81774464746869,124.23450791162053,ffffef8000000383,0.8125-D:\My Documents\SkyDrive\images\20140306_071924_Android.jpg
244,D:\My Documents\SkyDrive\images\20131120_144327_Android 2.jpg,77.16069745027063,126.07401299980776,ffffff4000c18307,
245,D:\My Documents\SkyDrive\images\20131120_144327_Android 3.jpg,85.11862870282462,124.04079723443708,ffffff600081c303,
246,D:\My Documents\SkyDrive\images\20131120_144327_Android.jpg,108.38177358550321,127.77859564730713,ffffc800808703ff,
247,D:\My Documents\SkyDrive\images\20131120_144347_Android 3.jpg,83.96116077149586,128.32537765923362,fffffd400143831f,
248,D:\My Documents\SkyDrive\images\20131120_144347_Android.jpg,151.5584555029056,131.77458464492824,ffffe38080808981,
249,D:\My Documents\SkyDrive\images\20131122_154048_Android 3.jpg,88.38691794796576,130.3404451062492,ffffff000c1f3fff,
250,D:\My Documents\SkyDrive\images\20131122_154048_Android.jpg,116.19864107025694,134.64500983195566,ffff0001031f7fff,
251,D:\My Documents\SkyDrive\images\20131125_195621_Android 3.jpg,119.95453203246772,133.94657816404748,100000e767f7ffff,
252,D:\My Documents\SkyDrive\images\20131125_195621_Android.jpg,154.30408759662552,125.07110120907024,101010f2f6f7ffff,
253,D:\My Documents\SkyDrive\images\20131125_195638_Android.jpg,143.5695990692086,110.77359093657888,40506060e4e7ffff,
254,D:\My Documents\SkyDrive\images\20131202_164955_Android 5.jpg,32.86561733454832,123.31041208609669,f0f0f0fffff7e1f0,
255,D:\My Documents\SkyDrive\images\20131202_164955_Android 6.jpg,28.004977299557257,117.93332667523708,f0e0e4f7ffe7e3f3,
256,D:\My Documents\SkyDrive\images\20131202_164955_Android 7.jpg,25.829938488356884,123.12568070273453,e0e1ffffe0f8e0c0,
257,D:\My Documents\SkyDrive\images\20131202_164955_Android.jpg,34.604922820000496,122.13683714396707,260238feefe7ffff,
258,D:\My Documents\SkyDrive\images\20131202_184030_Android.jpg,31.455838228975615,113.17734602776977,failed hashing,
259,D:\My Documents\SkyDrive\images\20131202_191414_Android.jpg,38.85368193435477,96.87448337178009,e8e8f0f87c7c3c18,
260,D:\My Documents\SkyDrive\images\20131202_191434_Android.jpg,31.312753683391044,108.70133394707965,f0f8fc5c7c3f0f0f,
261,D:\My Documents\SkyDrive\images\20131202_191524_Android.jpg,30.481834785016567,108.0263127462995,fcfaf0183cd9c1e3,
262,D:\My Documents\SkyDrive\images\20131207_130640_Android.jpg,112.5655237673328,135.5824575183423,ff2723270777f377,
263,D:\My Documents\SkyDrive\images\20131207_140641_Android 4.jpg,132.30602475116015,146.16046299800558,ff3303131363f37f,
264,D:\My Documents\SkyDrive\images\20131207_140641_Android 5.jpg,123.75283143215603,135.9582691302624,7fa3031313f3737f,
265,D:\My Documents\SkyDrive\images\20131207_140641_Android.jpg,168.4714472408003,143.16393459446687,ffe7e3430703070f,
266,D:\My Documents\SkyDrive\images\20131207_140715_Android 3.jpg,192.99248002488187,117.1021932670127,0ff6f3f363626444,
267,D:\My Documents\SkyDrive\images\20131207_140715_Android.jpg,190.39515064563395,124.61562660194797,03f4ece2a6a4a40f,
268,D:\My Documents\SkyDrive\images\20131209_103226_Android.jpg,71.29920869490422,123.40884590662245,ffff9f0400000008,0.8125-D:\My Documents\SkyDrive\images\20111009_200736_Android.jpg
269,D:\My Documents\SkyDrive\images\20131209_110630_Android.jpg,915.1581126018023,130.23614077217897,dfefefc7c3030004,
270,D:\My Documents\SkyDrive\images\20131209_113136_Android 3.jpg,26.746387096697383,101.60801597242246,ffffffff00000000,"0.9375-D:\My Documents\SkyDrive\images\20111009_200732_Android.jpg,0.8125-D:\My Documents\SkyDrive\images\20111009_200736_Android.jpg,0.8125-D:\My Documents\SkyDrive\images\20111009_203502_Android.jpg,0.875-D:\My Documents\SkyDrive\images\20111009_204008_Android.jpg,0.8125-D:\My Documents\SkyDrive\images\20130731_210944_Android.jpg,0.875-D:\My Documents\SkyDrive\images\20131209_113136_Android.jpg,0.875-D:\My Documents\SkyDrive\images\20140214_180446_Android.jpg"
271,D:\My Documents\SkyDrive\images\20131209_113136_Android.jpg,63.09063438597135,113.35993080085383,ffffff1800000000,"0.875-D:\My Documents\SkyDrive\images\20111009_200732_Android.jpg,0.875-D:\My Documents\SkyDrive\images\20111009_200736_Android.jpg,0.8125-D:\My Documents\SkyDrive\images\20111009_203502_Android.jpg,0.875-D:\My Documents\SkyDrive\images\20111009_204008_Android.jpg,0.8125-D:\My Documents\SkyDrive\images\20130624_184347_Android.jpg,0.8125-D:\My Documents\SkyDrive\images\20130810_185134_Android.jpg,0.875-D:\My Documents\SkyDrive\images\20131209_113136_Android 3.jpg,0.8125-D:\My Documents\SkyDrive\images\20140329_140858_Android.jpg"
272,D:\My Documents\SkyDrive\images\20131209_141321_Android 2.jpg,119.71631923972357,103.05093881660099,ff7f0e0000021a0c,
273,D:\My Documents\SkyDrive\images\20131209_141701_Android.jpg,114.2735314883662,99.75171984132706,fffff2c2c0810000,
274,D:\My Documents\SkyDrive\images\20131209_145359_Android.jpg,183.64144073236363,88.88650361339388,83c07038f8f0f0f3,
275,D:\My Documents\SkyDrive\images\20131213_145258_Android.jpg,113.68496147156895,74.01016486047033,bf0f1b383c3c1f00,
276,D:\My Documents\SkyDrive\images\20131213_145316_Android.jpg,184.37555100579482,136.5181819842929,80c04049dfe7ffff,
277,D:\My Documents\SkyDrive\images\20131213_145326_Android.jpg,174.59916527670396,115.70986156666507,c0f2fb3987e71f0d,
278,D:\My Documents\SkyDrive\images\20131213_145438_Android.jpg,128.76704585059167,88.45180927507849,0000083f6f1f3f3f,
279,D:\My Documents\SkyDrive\images\20131213_145448_Android.jpg,156.64384681131213,85.14518003892734,00000f3fff4f0f9f,0.8125-D:\My Documents\SkyDrive\images\20120409_170056_Android.jpg
280,D:\My Documents\SkyDrive\images\20131213_151034_Android.jpg,171.23021921434216,111.92895586032616,0000813b7ffff7ff,0.8125-D:\My Documents\SkyDrive\images\20131213_151036_Android.jpg
281,D:\My Documents\SkyDrive\images\20131213_151036_Android.jpg,168.9982635799991,97.33757273844995,0001019b7fffffef,
282,D:\My Documents\SkyDrive\images\20131217_192622_Android.jpg,12.354897979397622,73.1493621243432,00003838f8fcfeff,
283,D:\My Documents\SkyDrive\images\20131220_155316_Android.jpg,162.53527818445895,126.11310153146226,ff7f3f03c341077f,
284,D:\My Documents\SkyDrive\images\20131220_155350_Android.jpg,151.94162605066006,119.35165023168173,8f8ce7e3c1030fff,
285,D:\My Documents\SkyDrive\images\20131220_155616_Android.jpg,118.32068313338426,137.43469558983725,83818147c3feffff,
286,D:\My Documents\SkyDrive\images\20131228_111846_Android.jpg,31.443268003980556,45.372140898332376,0f000c1c44743820,
287,D:\My Documents\SkyDrive\images\20131228_111914_Android.jpg,47.63240225085614,95.60174246884212,ffe140181c1fc880,
288,D:\My Documents\SkyDrive\images\20131228_131548_Android 1.jpg,56.413456421542364,89.15966052219498,1e16179f25afbe06,
289,D:\My Documents\SkyDrive\images\20131228_131626_Android.jpg,153.3898489354022,126.2692390196479,151f1f07071b1303,
290,D:\My Documents\SkyDrive\images\20131228_131646_Android.jpg,201.68491183005378,107.08209645428842,1b7f3f0300305c2c,
291,D:\My Documents\SkyDrive\images\20131228_131704_Android-nir-pc-nir-pc.jpg,127.35154206044635,101.25177853770184,4f6f0d263e3e7c10,1.0-D:\My Documents\SkyDrive\images\20131228_131704_Android.jpg
292,D:\My Documents\SkyDrive\images\20131228_131704_Android.jpg,127.35154206044635,101.25177853770184,4f6f0d263e3e7c10,1.0-D:\My Documents\SkyDrive\images\20131228_131704_Android-nir-pc-nir-pc.jpg
293,D:\My Documents\SkyDrive\images\20131228_131720_Android.jpg,68.12617930375264,79.6629577816625,cf49647e1e1f0c00,
294,D:\My Documents\SkyDrive\images\20131228_152546_Android.jpg,98.26465767646926,85.29955188008618,c0407c3c0c0e3fff,
295,D:\My Documents\SkyDrive\images\20140129_174436_Android.jpg,48.40151747962375,104.36558242322664,78e0d0f4961e68ea,
296,D:\My Documents\SkyDrive\images\20140129_180226_Android.jpg,210.60434792678424,112.69549622340766,fcecdcdcfcfe9e02,
297,D:\My Documents\SkyDrive\images\20140129_180238_Android.jpg,205.86995146906176,109.88628359585256,d8f4a49cfcf0f3fe,
298,D:\My Documents\SkyDrive\images\20140131_164658_Android.jpg,118.74452682246279,127.46431698445309,8484000007f77f3f,
299,D:\My Documents\SkyDrive\images\20140131_164858_Android.jpg,89.34512749926444,107.39501170923843,0c01181e6663f7ff,
300,D:\My Documents\SkyDrive\images\20140131_175526_Android.jpg,56.43432815443671,80.18762152277169,000ccce0f8f2be9c,
301,D:\My Documents\SkyDrive\images\20140131_175546_Android.jpg,883.5864752754354,78.76418912898085,failed hashing,
302,D:\My Documents\SkyDrive\images\20140201_104604_Android.jpg,175.53085671867655,120.00174574782936,99cae2c3c303b6f3,
303,D:\My Documents\SkyDrive\images\20140201_104618_Android.jpg,348.58374888991585,95.05632761938517,e9e8f0e2e2600000,
304,D:\My Documents\SkyDrive\images\20140201_105856_Android.jpg,727.7524907341577,78.10989363065488,0808be374c14363f,
305,D:\My Documents\SkyDrive\images\20140205_183904_Android.jpg,65.44584836421988,98.24565158733019,183c3c1c3e3e3e3c,
306,D:\My Documents\SkyDrive\images\20140214_163126_Android.jpg,102.88186954975468,95.1867151706475,18181a58cc787cff,0.8125-D:\My Documents\SkyDrive\images\20140214_163132_Android.jpg
307,D:\My Documents\SkyDrive\images\20140214_163132_Android.jpg,102.00745603444986,95.09214367170479,18381a587c787c7f,0.8125-D:\My Documents\SkyDrive\images\20140214_163126_Android.jpg
308,D:\My Documents\SkyDrive\images\20140214_180202_Android.jpg,98.54371295512499,113.20055362320582,ffff804c04000000,"0.8125-D:\My Documents\SkyDrive\images\20130726_143252_Android.jpg,0.875-D:\My Documents\SkyDrive\images\20140214_180214_Android.jpg"
309,D:\My Documents\SkyDrive\images\20140214_180214_Android.jpg,96.7921613855134,107.44938482694957,ffffc0cc04000000,"0.8125-D:\My Documents\SkyDrive\images\20130726_143252_Android.jpg,0.875-D:\My Documents\SkyDrive\images\20140214_180202_Android.jpg"
310,D:\My Documents\SkyDrive\images\20140214_180224_Android.jpg,122.64550152697572,73.93413966383122,7f7f7f7d01000000,
311,D:\My Documents\SkyDrive\images\20140214_180446_Android 3.jpg,115.08104172542518,109.69913777653626,ffffbe000c060000,
312,D:\My Documents\SkyDrive\images\20140214_180446_Android.jpg,125.17566785860116,85.58942811959342,ffffff000e000000,"0.8125-D:\My Documents\SkyDrive\images\20111009_200736_Android.jpg,0.875-D:\My Documents\SkyDrive\images\20111009_203502_Android.jpg,0.8125-D:\My Documents\SkyDrive\images\20111014_202144_Android.jpg,0.8125-D:\My Documents\SkyDrive\images\20111014_202150_Android.jpg,0.8125-D:\My Documents\SkyDrive\images\20111229_165636_Android.jpg,0.8125-D:\My Documents\SkyDrive\images\20130731_210944_Android.jpg,0.8125-D:\My Documents\SkyDrive\images\20131120_144247_Android 1.jpg,0.875-D:\My Documents\SkyDrive\images\20131209_113136_Android 3.jpg,0.8125-D:\My Documents\SkyDrive\images\20140329_140858_Android.jpg"
313,D:\My Documents\SkyDrive\images\20140217_060056_Android.jpg,142.1426500724418,145.11917379032903,fffff1808000c7e7,
314,D:\My Documents\SkyDrive\images\20140217_060104_Android.jpg,124.97280040043232,117.1928676520649,fffffff1c0c08080,"0.8125-D:\My Documents\SkyDrive\images\20120410_163718_Android.jpg,0.8125-D:\My Documents\SkyDrive\images\20131120_144247_Android 4.jpg"
315,D:\My Documents\SkyDrive\images\20140219_054354_Android.jpg,38.42965244157671,112.50537904091375,f8f8c3d1cc81073f,
316,D:\My Documents\SkyDrive\images\20140221_131244_Android.jpg,114.24344438004343,113.69112928821447,ffffbf2e00010003,0.875-D:\My Documents\SkyDrive\images\20140221_131248_Android.jpg
317,D:\My Documents\SkyDrive\images\20140221_131248_Android.jpg,135.51303430598182,109.697764731914,ffffcf3e00010003,0.875-D:\My Documents\SkyDrive\images\20140221_131244_Android.jpg
318,D:\My Documents\SkyDrive\images\20140221_131614_Android.jpg,199.8458577692293,111.72373393546553,9830000101e3e7f7,
319,D:\My Documents\SkyDrive\images\20140221_131728_Android.jpg,66.4466019581209,109.82512372545014,7f7f3f0000310003,
320,D:\My Documents\SkyDrive\images\20140222_103152_Android.jpg,1074.1447399143756,131.9626353145425,ffffcf0f0bccf040,
321,D:\My Documents\SkyDrive\images\20140301_141054_Android.jpg,537.3907882942111,128.87249670599448,1f1f9f8441070b13,
322,D:\My Documents\SkyDrive\images\20140301_152512_Android.jpg,35.48063632877312,82.32092687207644,01ffff3f00020000,0.8125-D:\My Documents\SkyDrive\images\20130726_143252_Android.jpg
323,D:\My Documents\SkyDrive\images\20140301_152518_Android.jpg,34.65522259121275,109.78360661564463,3fffff1800030200,
324,D:\My Documents\SkyDrive\images\20140303_071314_Android-nir-pc-nir-pc.jpg,412.1064321180295,99.76276977805011,301c1c1c3c3e3e3e,
325,D:\My Documents\SkyDrive\images\20140303_071350_Android.jpg,368.76171633506095,100.75577927760156,ffe7e0c0c0030080,
326,D:\My Documents\SkyDrive\images\20140303_095546_Android.jpg,10.650598627159635,60.0469679880735,fdf931713100000f,
327,D:\My Documents\SkyDrive\images\20140306_070546_Android.jpg,201.40802785434468,100.67843985786716,7f3f1e0f0d010000,
328,D:\My Documents\SkyDrive\images\20140306_070604_Android.jpg,140.06183556639633,91.14565837057863,01032f3f7e1e08c0,
329,D:\My Documents\SkyDrive\images\20140306_070620_Android.jpg,155.4497720851741,89.60267798142542,0040475f3f3e1860,
330,D:\My Documents\SkyDrive\images\20140306_070716_Android.jpg,164.40511459142138,100.86999191016275,010347df3f3f1c73,
331,D:\My Documents\SkyDrive\images\20140306_070858_Android.jpg,42.05462005461631,128.8232521996748,0080f0c2f8f8f0fc,
332,D:\My Documents\SkyDrive\images\20140306_071232_Android.jpg,127.98553740372182,123.18667662377452,fffe3800381d0122,
333,D:\My Documents\SkyDrive\images\20140306_071924_Android.jpg,97.08809660023378,127.68457569404396,ffffe00000003080,"0.8125-D:\My Documents\SkyDrive\images\20130731_183112_Android.jpg,0.8125-D:\My Documents\SkyDrive\images\20131120_144327_Android 1.jpg"
334,D:\My Documents\SkyDrive\images\20140306_081438_Android.jpg,311.0166870409573,127.91717566060329,fffffc60c010040c,
335,D:\My Documents\SkyDrive\images\20140306_081504_Android.jpg,304.42714529732433,129.6126797685986,fefefe0080b39383,
336,D:\My Documents\SkyDrive\images\20140314_074026_Android.jpg,129.71096562489836,83.89598714536876,91810726767e3432,
337,D:\My Documents\SkyDrive\images\20140314_083440_Android.jpg,155.37408528553394,83.57214122372805,1ffcf45c7cb084a0,
338,D:\My Documents\SkyDrive\images\20140314_083452_Android.jpg,164.68959628143986,108.34654877831443,7ef8e01e9c9c0090,
339,D:\My Documents\SkyDrive\images\20140322_104038_Android.jpg,645.5698397106532,92.42338145685153,fffd7ce000008400,
340,D:\My Documents\SkyDrive\images\20140322_114540_Android.jpg,570.4632665989952,117.10929953323242,7f3f033222070190,
341,D:\My Documents\SkyDrive\images\20140322_114542_Android.jpg,551.5332669265496,118.63043861335383,7f7f033426030190,
342,D:\My Documents\SkyDrive\images\20140322_120110_Android.jpg,1452.9877917994872,103.65368588203255,f1ecce6860f8e0f8,
343,D:\My Documents\SkyDrive\images\20140322_120128_Android.jpg,1320.697802402444,116.67193557365756,bfffeee22418c0c6,
344,D:\My Documents\SkyDrive\images\20140322_124810_Android-nir-pc-nir-pc.jpg,331.0317130126744,93.28348396650327,8c1cfff333070700,1.0-D:\My Documents\SkyDrive\images\20140322_124810_Android.jpg
345,D:\My Documents\SkyDrive\images\20140322_124810_Android-nir-pc.jpg,884.6358254496128,110.94895855860727,0c1ceff01301ffff,
346,D:\My Documents\SkyDrive\images\20140322_124810_Android.jpg,331.0317130126744,93.28348396650327,8c1cfff333070700,1.0-D:\My Documents\SkyDrive\images\20140322_124810_Android-nir-pc-nir-pc.jpg
347,D:\My Documents\SkyDrive\images\20140322_124826_Android.jpg,1070.2410668689706,78.80193189918941,0600007fff9b1b6e,
348,D:\My Documents\SkyDrive\images\20140322_124828_Android.jpg,1053.9320488516523,86.20620512042643,02000fffc3c30eff,
349,D:\My Documents\SkyDrive\images\20140322_124834_Android.jpg,1285.6329900360802,92.14368747396834,060009ffe38f2eff,
350,D:\My Documents\SkyDrive\images\20140329_140840_Android.jpg,642.3007345516681,101.20375701853453,failed hashing,
351,D:\My Documents\SkyDrive\images\20140329_140858_Android.jpg,525.9118922309582,103.04671818431213,ffffdf7f01000000,"0.875-D:\My Documents\SkyDrive\images\20111009_200736_Android.jpg,0.8125-D:\My Documents\SkyDrive\images\20111009_203502_Android.jpg,0.8125-D:\My Documents\SkyDrive\images\20111009_204008_Android.jpg,0.875-D:\My Documents\SkyDrive\images\20130624_184347_Android.jpg,0.8125-D:\My Documents\SkyDrive\images\20131209_113136_Android.jpg,0.8125-D:\My Documents\SkyDrive\images\20140214_180446_Android.jpg,0.8125-D:\My Documents\SkyDrive\images\20140412_162038_Android 1.jpg,0.8125-D:\My Documents\SkyDrive\images\20140420_104706_Android.jpg"
352,D:\My Documents\SkyDrive\images\20140329_140902_Android.jpg,596.2143974548776,83.24512519723984,failed hashing,
353,D:\My Documents\SkyDrive\images\20140329_144012_Android.jpg,512.0892606649674,101.47533350554274,3bfe777766f23b00,
354,D:\My Documents\SkyDrive\images\20140329_144020_Android.jpg,505.71905525471624,111.19130350005607,failed hashing,
355,D:\My Documents\SkyDrive\images\20140329_144058_Android.jpg,601.662393446531,82.42813623866621,failed hashing,
356,D:\My Documents\SkyDrive\images\20140329_153537_Android.jpg,952.2376044996232,96.281176285363,failed hashing,
357,D:\My Documents\SkyDrive\images\20140329_153538_Android.jpg,952.2096597681409,96.28117866325452,34280b0f0fbff6f8,
358,D:\My Documents\SkyDrive\images\20140329_155012_Android.jpg,123.01350513219202,92.49929001165417,fff8d034becac000,
359,D:\My Documents\SkyDrive\images\20140329_155016_Android.jpg,144.194408212945,91.69915442177688,efe8583effdac000,
360,D:\My Documents\SkyDrive\images\20140330_194820_Android.jpg,192.15887505647245,112.43912998205818,5be3e3bf13090c0c,
361,D:\My Documents\SkyDrive\images\20140330_194852_Android.jpg,200.32669263255806,130.56271751449762,failed hashing,
362,D:\My Documents\SkyDrive\images\20140330_194930_Android.jpg,45.79082023502363,103.93446681164296,1f1f3f7f4c0280f0,
363,D:\My Documents\SkyDrive\images\20140402_064558_Android.jpg,89.72920895371924,126.772752416939,fee1c0dc9c09037f,
364,D:\My Documents\SkyDrive\images\20140403_070016_Android.jpg,158.7722356495795,89.86700640478823,fffdfdf9e0800000,
365,D:\My Documents\SkyDrive\images\20140405_115022_Android 1.jpg,332.94813615520417,106.4286765206491,f0e0e00cb2fcc0c3,
366,D:\My Documents\SkyDrive\images\20140405_115024_Android.jpg,441.863427948905,111.0215998904668,f0e16190f8f0c0c8,
367,D:\My Documents\SkyDrive\images\20140405_121230_Android.jpg,133.46050314679616,121.00130971761662,failed hashing,
368,D:\My Documents\SkyDrive\images\20140405_121234_Android.jpg,244.71856327001652,98.54578279688101,failed hashing,
369,D:\My Documents\SkyDrive\images\20140405_121244_Android.jpg,343.75578302377863,98.89416492955434,260630380007eff3,
370,D:\My Documents\SkyDrive\images\20140405_121246_Android.jpg,221.74709009209522,104.14513836324971,040e3e700007c767,
371,D:\My Documents\SkyDrive\images\20140407_063122_Android.jpg,81.41897235361787,87.81144171312316,ffffff0703030100,"0.8125-D:\My Documents\SkyDrive\images\20111014_202144_Android.jpg,0.8125-D:\My Documents\SkyDrive\images\20111014_202150_Android.jpg"
372,D:\My Documents\SkyDrive\images\20140407_063144_Android.jpg,72.05998994445544,114.89275834414649,failed hashing,
373,D:\My Documents\SkyDrive\images\20140408_182950_Android.jpg,297.9739615338182,115.28557963984204,failed hashing,
374,D:\My Documents\SkyDrive\images\20140408_182958_Android.jpg,237.42129978606206,106.77405299844611,15fdfccc3e024060,
375,D:\My Documents\SkyDrive\images\20140408_183017_Android.jpg,214.65548875889064,107.72710328259163,failed hashing,
376,D:\My Documents\SkyDrive\images\20140408_183025_Android.jpg,359.0655964213295,115.73938984805524,failed hashing,
377,D:\My Documents\SkyDrive\images\20140411_082328_Android.jpg,234.77996904797664,106.60270764249327,e0e08090b8bb420f,
378,D:\My Documents\SkyDrive\images\20140411_082333_Android.jpg,310.15234361274577,104.93505064658625,failed hashing,
379,D:\My Documents\SkyDrive\images\20140411_082348_Android.jpg,365.38445245261744,115.10343277425349,failed hashing,
380,D:\My Documents\SkyDrive\images\20140411_082350_Android.jpg,273.06803836501706,110.48436286023805,failed hashing,
381,D:\My Documents\SkyDrive\images\20140411_082420_Android.jpg,100.53564406482194,118.95346153422562,6f0f1800c4f4fcff,
382,D:\My Documents\SkyDrive\images\20140412_131520_Android.jpg,361.3563713474551,113.3685041009868,failed hashing,
383,D:\My Documents\SkyDrive\images\20140412_131544_Android.jpg,383.911681460485,114.80250034041394,failed hashing,
384,D:\My Documents\SkyDrive\images\20140412_131546_Android.jpg,380.0667419454084,112.53096390210496,c0f0f83a7870c0ff,
385,D:\My Documents\SkyDrive\images\20140412_131812_Android.jpg,29.340711161895506,127.36854827970812,failed hashing,
386,D:\My Documents\SkyDrive\images\20140412_131855_Android.jpg,19.462731305810404,98.06548775811386,failed hashing,
387,D:\My Documents\SkyDrive\images\20140412_162038_Android 1.jpg,118.33447495019766,126.90961083677752,ffffdf6301002000,0.8125-D:\My Documents\SkyDrive\images\20140329_140858_Android.jpg
388,D:\My Documents\SkyDrive\images\20140415_185010_Android.jpg,50.30045810705509,107.35029095379981,f820000022393d1d,
389,D:\My Documents\SkyDrive\images\20140415_185024_Android.jpg,42.297007861546604,71.34188998822569,fffe201a00000000,
390,D:\My Documents\SkyDrive\images\20140415_185026_Android.jpg,43.052884805241824,101.57342015390715,failed hashing,
391,D:\My Documents\SkyDrive\images\20140416_082148_Android.jpg,62.30972835547051,91.74743312868448,070696968680873f,
392,D:\My Documents\SkyDrive\images\20140416_093944_Android.jpg,66.9370790830695,49.4422614148805,f3870f1c3c680000,
393,D:\My Documents\SkyDrive\images\20140416_093946_Android.jpg,114.45047439728839,50.22862475770537,failed hashing,
394,D:\My Documents\SkyDrive\images\20140416_104544_Android.jpg,182.10605019636526,120.1736849509003,failed hashing,
395,D:\My Documents\SkyDrive\images\20140416_104548_Android.jpg,179.42925119093687,119.64341764585737,ff0e77d78703e3fb,
396,D:\My Documents\SkyDrive\images\20140416_104558_Android 1.jpg,227.8005011869317,120.82104000965174,0307071f3f7fffff,
397,D:\My Documents\SkyDrive\images\20140416_104600_Android.jpg,85.82510298147555,99.72355584390618,ffff9f00008d0f07,
398,D:\My Documents\SkyDrive\images\20140416_104602_Android.jpg,154.39877759742888,128.53345931152282,ffe0000273f3ff3f,
399,D:\My Documents\SkyDrive\images\20140416_104604_Android.jpg,157.76865741870012,117.80163153394528,failed hashing,
400,D:\My Documents\SkyDrive\images\20140416_124358_Android.jpg,34.41082130867534,111.70685027994041,failed hashing,
401,D:\My Documents\SkyDrive\images\20140416_124412_Android.jpg,14.54014643041585,99.18236800949956,failed hashing,
402,D:\My Documents\SkyDrive\images\20140416_124440_Android.jpg,26.22672118485089,102.14458794393983,bf9f83003e0f0700,
403,D:\My Documents\SkyDrive\images\20140416_124442_Android.jpg,22.927904776916492,99.17744389677848,failed hashing,
404,D:\My Documents\SkyDrive\images\20140416_124444_Android.jpg,23.437656548991633,110.16056474673202,failed hashing,
405,D:\My Documents\SkyDrive\images\20140416_125132_Android.jpg,83.62621658555213,87.47611195213379,880000203dbdcdcd,
406,D:\My Documents\SkyDrive\images\20140417_185824_Android.jpg,31.053823652740714,118.29704395544982,f420086e3eddfef8,
407,D:\My Documents\SkyDrive\images\20140418_144116_Android.jpg,171.64322380275715,60.90482326509035,9f0e1f27f7100000,
408,D:\My Documents\SkyDrive\images\20140418_144118_Android.jpg,201.53589241138388,91.75021989238914,bf0d1f379bc08000,
409,D:\My Documents\SkyDrive\images\20140418_151250_Android.jpg,200.27070829941513,72.8237882264834,1e5ef8fc0c060c08,
410,D:\My Documents\SkyDrive\images\20140418_151252_Android.jpg,65.39866985195326,84.55456572692394,1ecff0fe4c000700,
411,D:\My Documents\SkyDrive\images\20140418_154736_Android.jpg,227.5722366983251,62.529331166698704,c87818383b1f1f0e,
412,D:\My Documents\SkyDrive\images\20140418_154742_Android.jpg,250.7135648166067,61.97470048579072,failed hashing,
413,D:\My Documents\SkyDrive\images\20140418_154758_Android.jpg,101.18960555956141,39.918937553064524,210c0e3038383c38,
414,D:\My Documents\SkyDrive\images\20140418_154810_Android.jpg,289.6343771404328,51.12630759002948,000031365d1c183e,
415,D:\My Documents\SkyDrive\images\20140419_140506_Android.jpg,147.80370962590715,88.56275305771818,7f1f17177545030c,
416,D:\My Documents\SkyDrive\images\20140420_104128_Android.jpg,93.64266418549593,114.40618079084166,040004ce871e3efe,
417,D:\My Documents\SkyDrive\images\20140420_104134_Android.jpg,86.28281533576603,115.54975637875657,7e0c000c4e87163f,
418,D:\My Documents\SkyDrive\images\20140420_104145_Android.jpg,99.60819142628843,122.36532636185602,failed hashing,
419,D:\My Documents\SkyDrive\images\20140420_104514_Android.jpg,70.57896013970964,82.42758156418205,failed hashing,
420,D:\My Documents\SkyDrive\images\20140420_104706_Android.jpg,116.4980597476416,121.21645883894816,fcfefdff02100000,0.8125-D:\My Documents\SkyDrive\images\20140329_140858_Android.jpg
421,D:\My Documents\SkyDrive\images\20140420_105204_Android.jpg,75.68965159228199,56.53012450639978,0f1919191a181c7f,
422,D:\My Documents\SkyDrive\images\20140420_105218_Android.jpg,104.24974588605761,119.59260360598488,3878f8f8f8f8fc18,
423,D:\My Documents\SkyDrive\images\20140420_105224_Android.jpg,93.37498222375439,101.68011013892894,0f1f1f1f3e1e1e1e,
424,D:\My Documents\SkyDrive\images\20140420_110704_Android.jpg,65.80005411317177,113.5247415857683,777f7f3fda910000,
425,D:\My Documents\SkyDrive\images\20140420_111240_Android.jpg,181.39645348855913,107.81587084895233,e4fffcc0000060e0,
426,D:\My Documents\SkyDrive\images\20140420_111242_Android.jpg,145.70474532098666,112.22495754837882,failed hashing,
427,D:\My Documents\SkyDrive\images\20140420_111246_Android.jpg,124.3400504084454,116.74788780657279,e9ffff804040e0c0,
428,D:\My Documents\SkyDrive\images\20140420_111252_Android.jpg,106.68842550018678,114.93725582808695,failed hashing,
429,D:\My Documents\SkyDrive\images\20140420_111446_Android.jpg,136.3674373088528,122.5804960081459,failed hashing,
430,D:\My Documents\SkyDrive\images\20140420_111506_Android.jpg,175.320508057378,107.6024510805139,7ffef83c0901000f,
431,D:\My Documents\SkyDrive\images\20140420_111656_Android.jpg,116.7270231832191,121.54835542519704,0000393907df7f7f,
432,D:\My Documents\SkyDrive\images\20140420_113312_Android.jpg,57.083868483873154,85.75975373554242,failed hashing,
433,D:\My Documents\SkyDrive\images\20140420_113655_Android.jpg,217.65230153180858,112.43906602929162,failed hashing,
